rank,municipio,populacao_estimada_2024,eleitorado_2024,participacao_eleitorado_pct,indice_estrategico_pct,prioridade_politica,prefeito,vice_prefeito,partido,numero,votos_prefeito,percentual_prefeito,segundo_colocado,partido_segundo_colocado,votos_segundo_colocado,percentual_segundo_colocado,margem_vitoria_votos,margem_vitoria_pct,visitado_pre_campanha,quantidade_visitas,ultima_visita,status_visitacao,capital_politico_prefeito,grupo_politico,relacao_davi
1,Maceió,994464.0,632812,25.90419396011452,27.397829079873947,Prioridade Máxima,JOAO HENRIQUE HOLANDA CALDAS,RODRIGO SANTOS CUNHA,PL,22,379544,83.25,RAFAEL DE GÓES BRITO,MDB,58084.0,12.74,321460.0,70.51,True,4,2026-06-09,Visitado,10398681.640291678,,
2,Arapiraca,243661.0,155982,6.3851317331001605,6.73965243482755,Prioridade Máxima,JOSE LUCIANO BARBOSA DA SILVA,RUTINEIDE PEREIRA MELO DE LIRA,MDB,15,100890,85.04,FABIANA CAVALCANTE PESSOA,PL,16635.0,14.02,84255.0,71.02000000000001,False,0,,Prioritário não visitado,679963.5341497515,,
3,Rio Largo,97435.0,67172,2.74968950760859,2.83253283979211,Prioridade Máxima,PEDRO CARLOS DA SILVA NETO,PETERSON HENRIQUE DA SILVA SANTOS,PP,11,32496,62.99,ANNY IZABELLE TORRES MELO LINS DE SOUZA,PDT,10848.0,21.03,21648.0,41.96,False,0,,Prioritário não visitado,92045.9871618844,,
4,Palmeira dos Índios,73596.0,54858,2.2456152415946,2.25758554237497,Prioridade Máxima,LUISA JULIA DUARTE,SHEILA MARIA DUARTE,MDB,15,23994,57.43,MOSABELLE RODRIGUES BRASILEIRO MONTEIRO,REPUBLICANOS,13192.0,31.57,10802.0,25.86,True,1,2026-05-30,Visitado,54168.50750374503,,
5,União dos Palmares,60874.0,48920,2.00254288561026,1.96891077098367,Prioridade Máxima,JOSÉ IRAN MENEZES DA SILVA JUNIOR,SAMIRES CANDIDO ULISSES,MDB,15,23163,63.83,BRUNNO LEONARDO VEIGA LOPES,PL,13127.0,36.17,10036.0,27.66,True,1,2026-05-24,Visitado,45605.880188294745,,
6,Marechal Deodoro,62341.0,46217,1.89189543222096,1.90512481404747,Prioridade Máxima,ANDRÉ LUIZ BARROS DA SILVA,NEILSON COSTA DA SILVA,MDB,15,21621,58.47,JOSÉ GILVAN RIBEIRO DE ALMEIDA FILHO,REPUBLICANOS,15360.0,41.53,6261.0,16.939999999999998,False,0,,Prioritário não visitado,41190.70360452035,,
7,Penedo,60189.0,44517,1.82230583889436,1.83636305682454,Prioridade Máxima,RONALDO PEREIRA LOPES,JOSÉ EVALDO DOS SANTOS MONTEIRO,MDB,15,24059,71.33,MARCIUS BELTRÃO SIQUEIRA,PDT,9672.0,28.67,14387.0,42.66,False,0,,Prioritário não visitado,44181.058784141605,,
8,São Miguel dos Campos,53391.0,43990,1.80073306496311,1.7579287568954198,Prioridade Máxima,GEORGE CLEMENTE VIEIRA,BENILDO CHAGAS DE OMENA,MDB,15,25796,79.18,PEDRO RICARDO ALVES JATOBÁ,PRD,6782.0,20.82,19014.0,58.36000000000001,False,0,,Prioritário não visitado,45347.53021287425,,
9,Coruripe,51788.0,42038,1.72082783780221,1.68706079762416,Prioridade Máxima,MARCELO BELTRÃO SIQUEIRA,JOSÉ ENEAS DA COSTA GAMA,PP,11,27647,90.22,MARCOS ANTONIO LINS DOS SANTOS,23,2303.0,7.52,25344.0,82.7,False,0,,Prioritário não visitado,46642.16987191515,,
10,Delmiro Gouveia,52809.0,41113,1.68296291202156,1.67006746471436,Prioridade Máxima,ELIZIANE FERREIRA COSTA LIMA,ERIVALDO BEZERRA SANDES,MDB,15,24620,83.31,CRISTOVÃO LOPES DIAS,PT,4932.0,16.69,19688.0,66.62,False,0,,Prioritário não visitado,41117.06098126755,,
11,Santana do Ipanema,47397.0,33506,1.37156994941245,1.40167165913523,Alta Prioridade,JOAO EDUARDO BULHOES PORTELA DE MELO,MÁRIO SIQUEIRA SILVA,MDB,15,16302,64.77,JOSE EDSON MAGALHÃES FELIX,PP,8268.0,32.85,8034.0,31.919999999999995,False,0,,Prioritário não visitado,22850.05138722252,,
12,Atalaia,38530.0,32883,1.346067410211,1.30121074857304,Alta Prioridade,CECILIA LIMA HERRMANN,NICOLLAS VON MEYNARD THEOTONIO COSTA,MDB,15,19600,79.95,MAURICIO TENÓRIO DA SILVA,PDT,2423.0,9.88,17177.0,70.07000000000001,False,0,,Prioritário não visitado,25503.730672031583,,
13,Teotônio Vilela,39161.0,31976,1.30893931541851,1.28109977433508,Alta Prioridade,PEDRO HENRIQUE DE JESUS PEREIRA,ANDRE BORGES PEREIRA DA SILVA,PP,11,17729,77.19,VALDIR JOAQUIM DA SILVA NETO,MDB,5238.0,22.81,12491.0,54.38,False,0,,Prioritário não visitado,22712.617899186633,,
14,Pilar,36499.0,29137,1.19272469456308,1.17494909850829,Alta Prioridade,MARIA DE FATIMA RESENDE ROCHA OITICICA,TAYRONNE HENRIQUE DOS SANTOS,MDB,15,13008,56.14,ROBERTO DOUGLAS DA SILVA BARROS,PV,5171.0,22.32,7837.0,33.82,False,0,,Prioritário não visitado,15283.737873395836,,
15,Girau do Ponciano,37335.0,28487,1.16611690887938,1.16411221684923,Alta Prioridade,GILBERTO BEZERRA BARROS,OSVALDO ALEXANDRE SANTOS JUNIOR,PP,11,15885,71.42,LIDIA SAMYRA DO NASCIMENTO BARROS SILVA,PDT,6358.0,28.58,9527.0,42.84,False,0,,Prioritário não visitado,18491.922564650016,,
16,São Sebastião,32701.0,27531,1.12698299639689,1.09354595945992,Alta Prioridade,CHARLES NUNES REGUEIRA,ANA PATRICIA ALVES DOS SANTOS,PP,11,11980,56.14,MARCOS ANDRE DE JESUS PEREIRA,MDB,8803.0,41.26,3177.0,14.880000000000004,False,0,,Prioritário não visitado,13100.68059432984,,
17,Campo Alegre,32714.0,27202,1.11351536333545,1.08423973041757,Alta Prioridade,PAULINE DE FÁTIMA PEREIRA ALBUQUERQUE,LEONARDO DE PAULA MONTEIRO,PP,11,12217,59.17,HENRIQUE ANTONIO DE GOES TENORIO,MDB,8429.0,40.83,3788.0,18.340000000000003,False,0,,Prioritário não visitado,13246.156786511452,,
18,Maragogi,33232.0,25140,1.02910728013577,1.02998000326574,Alta Prioridade,DANIEL MENDES DE VASCONCELOS FERREIRA,JOAO ENIO VASCONCELOS CAVALCANTE,PP,11,9877,49.04,MARCOS JOSÉ DIAS VIANA,MDB,9003.0,44.7,874.0,4.339999999999996,False,0,,Prioritário não visitado,10173.112492255714,,
19,São Luís do Quitunde,31792.0,24159,0.98894999128083,0.98845418530158,Alta Prioridade,MARCIA RAFAELA BARROS DE VASCONCELOS,CRISTOPHANES JACQUES UCHOA DE LIMA,MDB,15,10379,55.79,VIVIANE DOS SANTOS SILVA,PP,8225.0,44.21,2154.0,11.579999999999998,False,0,,Prioritário não visitado,10259.165989245099,,
20,São José da Tapera,31557.0,23599,0.96602636053795,0.97021827350035,Alta Prioridade,JARBAS PEREIRA RICARDO,JARIA PEREIRA RICARDO,MDB,15,11679,68.49,JOSE ROMARIO RODRIGUES PEREIRA,PDT,5248.0,30.78,6431.0,37.71,True,1,2026-05-14,Visitado,11331.179216210587,,
21,Craíbas,26115.0,22009,0.90093962325012,0.87395733156766,Média Prioridade,TEÓFILO JOSÉ BARROSO PEREIRA,SEBASTIÃO BARBOSA DA SILVA,PP,11,11286,61.4,EDIEL BARBOSA LIMA,MDB,7095.0,38.6,4191.0,22.8,False,0,,Médio potencial não visitado,9863.48244407261,,
22,Porto Calvo,24520.0,22018,0.90130803874421,0.85935545390915,Média Prioridade,ERONITA SPOSITO LEAO E LIMA,VÍNICIUS LEAO E LIMA CARVALHO,MDB,15,12829,74.18,KLEVISSON KENNEDY DA SILVA SIQUEIRA,PP,3352.0,19.38,9477.0,54.80000000000001,False,0,,Médio potencial não visitado,11024.671118200486,,
23,Murici,25933.0,20853,0.8536186997880301,0.83913708773492,Média Prioridade,REMI VASCONCELOS CALHEIROS FILHO,DAYVIDSON TENÓRIO VASCONCELOS,MDB,15,10363,66.01,EDUARDO CESAR DE OLIVEIRA,PP,4338.0,27.63,6025.0,38.38000000000001,False,0,,Médio potencial não visitado,8695.977640196976,,
24,Viçosa,24423.0,21118,0.864466489336,0.83266267180308,Média Prioridade,JOÃO VICTOR CALHEIROS AMORIM SANTOS,AFRANIO TENORIO CAVALCANTE NETO,MDB,15,9301,57.45,FLAUBERT TORRES FILHO,PODE,6737.0,41.61,2564.0,15.840000000000003,False,0,,Médio potencial não visitado,7744.595510440447,,
25,Igaci,24452.0,21092,0.8634021779086599,0.8321878314131,Média Prioridade,JOSE PETRUCIO OLIVEIRA BARBOSA,JOSENILDO GOMES DE FRANÇA,MDB,15,10377,68.81,ALBERES CANDIDO DA SILVA,UNIÃO,4704.0,31.19,5673.0,37.620000000000005,False,0,,Médio potencial não visitado,8635.613126573739,,
26,Limoeiro de Anadia,25197.0,20574,0.8421978194714901,0.82428555012198,Média Prioridade,JAMES MARLAN FERREIRA BARBOSA,FELIPE SOARES DE OLIVEIRA,PP,11,11438,69.54,SIDNEY VIEIRA DE SOUZA,REPUBLICANOS,3156.0,19.19,8282.0,50.35000000000001,False,0,,Médio potencial não visitado,9428.178122295207,,
27,Junqueiro,24381.0,20569,0.8419931441970001,0.8165400384959399,Média Prioridade,CICERO LEANDRO PEREIRA DA SILVA,JADER TIAGO DA SILVA,MDB,15,8805,54.46,JOÃO JOSÉ PEREIRA FILHO,PP,7337.0,45.38,1468.0,9.079999999999998,False,0,,Médio potencial não visitado,7189.635038956751,,
28,Piranhas,23053.0,20339,0.8325780815704601,0.79757722345121,Média Prioridade,TIAGO TORRES FREITAS,JOSE VICENTE RODRIGUES,MDB,15,11565,76.07,MARISTELA SENA DIAS,PP,3638.0,23.93,7927.0,52.13999999999999,False,0,,Médio potencial não visitado,9223.980589213243,,
29,Traipu,24124.0,19430,0.79536811666818,0.78150818662036,Média Prioridade,MANUEL LUCAS KUMMER FREITAS DOS SANTOS,WAGNER DOS SANTOS CANUTO,MDB,15,12379,88.76,THIAGO JOSE SILVA CAVALCANTE,REPUBLICANOS,1568.0,11.24,10811.0,77.52000000000001,False,0,,Médio potencial não visitado,9674.289842173437,,
30,Pão de Açúcar,24291.0,19298,0.78996468942164,0.77928163791783,Média Prioridade,JORGE SILVA DANTAS,ERALDO JOÃO CRUZ ALMEIDA,MDB,15,10379,74.83,ALDO ALVES ROSA,PL,3035.0,21.88,7344.0,52.95,False,0,,Médio potencial não visitado,8088.164119949158,,
31,Matriz de Camaragibe,24330.0,19218,0.7866898850298,0.77735261714553,Média Prioridade,FERNANDO HENRIQUE LIMA CAVALCANTE,CLAUDIO RAMON SILVA DANTAS,MDB,15,10842,75.52,MARCOS PAULO DO NASCIMENTO,PP,3208.0,22.34,7634.0,53.17999999999999,False,0,,Médio potencial não visitado,8428.057075091836,,
32,Boca da Mata,21517.0,20100,0.82279460344984,0.77641869195003,Média Prioridade,BRUNO FEIJÓ TEIXEIRA,SERGIO MACIEL DA COSTA,PP,11,9227,61.4,AMANDA LARISSA BARROS ACIOLI DE MOURA,PSB,5801.0,38.6,3426.0,22.8,True,1,2026-06-08,Visitado,7164.015270622926,,
33,Feira Grande,23191.0,19433,0.7954909218328701,0.77290188439578,Média Prioridade,DÁRIO ROBERTO SILVA LIRA,ROMARIO DA SILVA SANTOS,MDB,15,10095,63.58,CRISTHIAN MESSIAS DE OLIVEIRA LIRA,PP,5782.0,36.42,4313.0,27.16,False,0,,Médio potencial não visitado,7802.444522975399,,
34,Mata Grande,22147.0,19084,0.78120458767347,0.7531750565540699,Média Prioridade,MARIA FABIANA FARIAS DE ALENCAR,VINICIUS CAMPOS BRANDÃO CARVALHO,MDB,15,7728,53.97,WALLYSSON FIRMO DE HOLANDA SOARES,PSB,6591.0,46.03,1137.0,7.939999999999998,False,0,,Médio potencial não visitado,5820.536837049853,,
35,Igreja Nova,22125.0,18088,0.74043327299506,0.72443017395498,Média Prioridade,TIAGO GOMES DOS SANTOS,EDVALDO CAVALCANTE,MDB,15,7230,51.17,GERALDO NUNES CADETE NETO,UNIÃO,6703.0,47.44,527.0,3.730000000000004,False,0,,Médio potencial não visitado,5237.630157694505,,
36,São José da Laje,21193.0,17911,0.73318776827811,0.71067537128254,Média Prioridade,ANGELA VANESSA ROCHA PEREIRA BEZERRA,RAVENA GRAZYELLE VALENÇA CALDEIRA DE ARAÚJO,MDB,15,8144,61.03,FABRÍCIA REGINA PEDROSA VÉRAS,PL,5200.0,38.97,2944.0,22.06,False,0,,Médio potencial não visitado,5787.740223725005,,
37,Porto Real do Colégio,20262.0,18066,0.7395327017873,0.70644319183767,Média Prioridade,HIGOR JOSÉ SANTOS FREITAS,JOSE DE OLIVEIRA,PP,11,9439,66.34,JOSÉ TIAGO DE LIRA,PSB,4790.0,33.66,4649.0,32.68000000000001,False,0,,Médio potencial não visitado,6668.117287755767,,
38,Lagoa da Canoa,18831.0,17464,0.7148897987387,0.6758612921614899,Média Prioridade,EDILZA ALVES DE SOUZA,JADIELSON TAVARES RODRIGUES,PP,11,7948,94.68,JARBAS GOMES DE BARROS PEREIRA LOPES,PSD,447.0,5.32,7501.0,89.36000000000001,False,0,,Médio potencial não visitado,5371.745550099522,,
39,Satuba,25000.0,15277,0.62536483367677,0.6706671156171801,Média Prioridade,DIOGENES JOSÉ NETO DE AMORIM,LUIS CARLOS ALVES DE LIRA,PP,11,12047,100.0,,,,,,,False,0,,Médio potencial não visitado,8079.526741840168,,
40,Olho d'Água das Flores,21132.0,16469,0.67415941911519,0.66878722224231,Média Prioridade,JOSÉ LUIZ VASCONCELLOS DOS ANJOS,CLEMENS SANTANA MACHADO,MDB,15,8611,70.26,ALYSON FELIX DUARTE DANTAS,PL,3400.0,27.74,5211.0,42.52000000000001,False,0,,Médio potencial não visitado,5758.926770728532,,
41,Água Branca,19550.0,16682,0.68287858580847,0.66015198452389,Baixa Prioridade,NAYARA EMMANUELA BATISTA FEITOSA,JOSÉ HORLANDO DA SILVA SANTOS,PP,11,9227,78.03,RICARDO DE LIMA,PDT,2598.0,21.97,6629.0,56.06,False,0,,Não visitado,6091.222361201933,,
42,Taquarana,19422.0,15757,0.64501366002781,0.63245402840937,Baixa Prioridade,GERALDO CICERO DA SILVA,JOSE GILBERTO DA SILVA,MDB,15,6517,53.46,SEBASTIÃO ANTONIO DA SILVA,PP,5673.0,46.54,844.0,6.920000000000002,False,0,,Não visitado,4121.702903143864,,
43,Major Isidoro,17834.0,15802,0.64685573749822,0.61894892941926,Baixa Prioridade,THEOBALDO CAVALCANTI LINS NETTO,ITALO TAVARES SURUAGY DO AMARAL,MDB,15,7400,60.96,ERALDO DOS SANTOS LIMA,PP,4739.0,39.04,2661.0,21.92,False,0,,Não visitado,4580.222077702524,,
44,Colônia Leopoldina,15949.0,15772,0.64562768585128,0.60052774867033,Baixa Prioridade,ALEXANDRE GILBERTO SOBREIRA,LUCIANA MEDEIROS DE LUNA FREITAS,MDB,15,5995,51.67,DAVID MARIO FEITOSA JARDIM,PL,4269.0,36.8,1726.0,14.870000000000005,False,0,,Não visitado,3600.1638532786283,,
45,Joaquim Gomes,17386.0,15290,0.62589698939045,0.6001040275056,Baixa Prioridade,ELIAS JOSE DA SILVA,JOSE MARCELINO DA SILVA,PSB,40,5172,44.33,,,,,,,False,0,,Não visitado,3103.738030258963,,
46,Barra de Santo Antônio,16735.0,15387,0.62986768971555,0.59681849623076,Baixa Prioridade,LIVIA CARLA DA SILVA ALVES,LUCAS MARTINS ALVES,REPUBLICANOS,10,7647,60.88,EMANUELLA CORADO ACIOLI DE MOURA,MDB,4843.0,38.56,2804.0,22.32,False,0,,Não visitado,4563.871040676621,,
47,Cajueiro,16605.0,15200,0.62221283444963,0.59024895653799,Baixa Prioridade,LUCILA RÉGIA ALBUQUERQUE TOLEDO,ANTONIO JORGE DE MELO JUNIOR,MDB,15,5969,53.82,WELINGTON NEMESIO DE LIMA,PP,4610.0,41.57,1359.0,12.25,False,0,,Não visitado,3523.1960215752624,,
48,Canapi,15743.0,15330,0.62753439158637,0.58594325001285,Baixa Prioridade,JOSÉLIA MELO DE LIMA,HERMESON MELO DE LIMA,PP,11,7399,61.55,LARA JAYNE SIQUEIRA BARBOSA MALTA BRANDÃO,PT,4384.0,36.47,3015.0,25.08,False,0,,Não visitado,4335.394106845077,,
49,Piaçabuçu,16201.0,14386,0.58889169976265,0.56316030866728,Baixa Prioridade,RYMES MARINHO LESSA,CARLOS RONALSA BELTRAO COELHO DA PAZ,MDB,15,5010,42.53,KAYRO CRISTÓVÃO CASTRO DOS SANTOS,PP,3627.0,30.79,1383.0,11.740000000000002,False,0,,Não visitado,2821.4331464230727,,
50,Inhapi,15417.0,14546,0.59544130854633,0.56044092289898,Baixa Prioridade,LUIZ CELSO MALTA BRANDÃO FILHO,GILSON TENÓRIO CAVALCANTE,PP,11,9646,89.91,WELLINGTON PETRONIO MENEZES FREIRE,PDT,917.0,8.55,8729.0,81.36,False,0,,Não visitado,5406.01314228356,,
51,Messias,15707.0,14439,0.5910612576722499,0.56007666337882,Baixa Prioridade,MARCOS JOSÉ HERCULANO DA SILVA,MARCOS VALÉRIO DOS SANTOS,REPUBLICANOS,10,7223,62.13,JARBAS MAYA DE OMENA FILHO,PP,3407.0,29.31,3816.0,32.82000000000001,False,0,,Não visitado,4045.4337395852167,,
52,Batalha,17103.0,13756,0.56310261517691,0.55351140474939,Baixa Prioridade,WAGNEY DANTAS CORREIA CAJE,IZAIAS GOMES BEZERRA,MDB,15,6951,64.39,ALEX SANDRO ROCHA PINTO,PP,2791.0,25.85,4160.0,38.54,False,0,,Não visitado,3847.4577744130097,,
53,Capela,15068.0,13391,0.54816132013914,0.52409348323462,Baixa Prioridade,THIAGO DE MEDEIROS MOURA,ANIBAL SORIANO MOREIRA,MDB,15,6085,58.07,FERNANDO ANTONIO LUCENA MALTA,PL,4394.0,41.93,1691.0,16.14,False,0,,Não visitado,3189.1088454826627,,
54,Estrela de Alagoas,15701.0,13068,0.53493929740709,0.52073539237752,Baixa Prioridade,ROBERTO FERREIRA WANDERLEY,CICERO PINHEIRO DA SILVA,MDB,15,5538,57.72,ARLINDO GARROTE DA SILVA NETO,PP,4057.0,42.28,1481.0,15.439999999999998,False,0,,Não visitado,2883.8326029867058,,
55,Anadia,14193.0,13178,0.53944215344587,0.50983815592781,Baixa Prioridade,PAULO VICTOR PEREIRA ROCHA,EDIRAJAR FALCÃO PEDROSA JÚNIOR,PP,11,5446,54.0,AMÓS DE ALMEIDA ROCHA,PSB,4639.0,46.0,807.0,8.0,False,0,,Não visitado,2776.578597182853,,
56,Paripueira,14176.0,12809,0.5243371181885,0.4991062512698599,Baixa Prioridade,CARLOS ABRAHÃO GOMES DE MOURA,CARLOS AUGUSTO SOUSA DE CASTRO,MDB,15,7170,70.08,EDVANIO DE LIMA SANTOS,REPUBLICANOS,3061.0,29.92,4109.0,40.16,False,0,,Não visitado,3578.5918216048954,,
57,Passo de Camaragibe,14076.0,12595,0.5155770164403299,0.4920425331179699,Baixa Prioridade,ELLISSON SANTOS DA SILVA,ADEILDO PETRÚCIO DOS SANTOS,REPUBLICANOS,10,6934,67.44,MARIA LAVÍNIA FARIAS QUIRINO COSTA,MDB,3347.0,32.56,3587.0,34.879999999999995,False,0,,Não visitado,3411.8229246400033,,
58,Ibateguara,13992.0,11919,0.48790491932928,0.47188948172057,Baixa Prioridade,MANOEL GERAERTES ALVES CRUZ,FRANCISCO DE ASSIS LEAL,MDB,15,6657,75.79,EDJA MARIA CAVALCANTI SANTOS DE SÁ,PL,2126.0,24.21,4531.0,51.580000000000005,False,0,,Não visitado,3141.3682798138343,,
59,Maribondo,13968.0,11101,0.45442004442272,0.44822647402321,Baixa Prioridade,BRUNO ZEFERINO DO CARMO TEIXEIRA,JOSÉ UBIRATAN FERREIRA NUNES,PSB,40,5081,56.41,JORGE ANTÔNIO AMORIM MARQUES LUZ,PP,3927.0,43.59,1154.0,12.819999999999991,True,1,2026-05-31,Visitado,2277.43871451193,,
60,Poço das Trincheiras,12974.0,11129,0.4555662259598599,0.43976823063316,Baixa Prioridade,JOSE VALMIRO GOMES DA COSTA,JOSE ERIVAN RAMOS DA SILVA,MDB,15,3961,44.18,CAIO CÉSAR FERREIRA RODRIGUES,PP,2552.0,28.47,1409.0,15.71,False,0,,Não visitado,1741.9219615379468,,
61,Quebrangulo,11305.0,10470,0.4285900247820799,0.40533570257749,Baixa Prioridade,MANOEL COSTA TENÓRIO,ALFREDO FREDERICO MEDEIROS MAIA FILHO,PSDB,45,2964,36.01,EMANOEL CARDOSO DE ALBUQUERQUE,MDB,2959.0,35.95,5.0,0.0599999999999951,True,4,2026-05-30,Visitado,1201.4150224396803,,
62,Senador Rui Palmeira,12549.0,9890,0.40484769294124,0.40030575807539,Baixa Prioridade,JOÃO CARLOS RODRIGUES,ALLYSSON FEITOSA DA SILVA,MDB,15,4778,62.64,JACKSON DA ROCHA CORDEIRO JÚNIOR,PP,2566.0,33.64,2212.0,29.0,False,0,,Não visitado,1912.6609120842134,,
63,Ouro Branco,11699.0,10077,0.41250254820716,0.39774515787206,Baixa Prioridade,TACIA DENYSE DE SIQUEIRA NOBRE,JOSE ROBERIO DA SILVA,PP,11,5480,67.21,ATEVALDO CABRAL SILVA,MDB,2673.0,32.79,2807.0,34.419999999999995,False,0,,Não visitado,2179.6434651388886,,
64,Olivença,11048.0,10260,0.4199936632534999,0.39692391690208,Baixa Prioridade,JOSIMAR DIONISIO,MAURO FERNANDES DA SILVA,MDB,15,4857,59.37,JORGINALDO VIEIRA DE MENESES,REPUBLICANOS,3324.0,40.63,1533.0,18.739999999999995,False,0,,Não visitado,1927.8594643934025,,
65,Novo Lino,10298.0,10193,0.41725101457533,0.38801671086606,Baixa Prioridade,MARCELA SILVA GOMES DE BARROS,RIVALDO DA SILVA GOMES,MDB,15,5935,75.24,JOSE EDUARDO DOS SANTOS SALES,PL,1953.0,24.76,3982.0,50.47999999999999,False,0,,Não visitado,2302.879178990066,,
66,Santana do Mundaú,11568.0,9627,0.39408177350306,0.38363015810328,Baixa Prioridade,ANDRÉ LUIZ GOES CASTRO,TARCISIO DE MORAIS ARAUJO,MDB,15,5322,72.96,EDNO LINO DA SILVA,PL,1972.0,27.04,3350.0,45.92,False,0,,Não visitado,2041.679701425656,,
67,Coité do Nóia,11036.0,9675,0.39604665613817,0.3800492142899699,Baixa Prioridade,BUENO HIGINO DE SOUZA SILVA,JOSÉ TELMO BARBOSA,PP,11,5687,73.93,JOSÉ DE SENA NETTO,MDB,2005.0,26.07,3682.0,47.86000000000001,False,0,,Não visitado,2161.3398816670588,,
68,Pariconha,10803.0,9746,0.39895304503592,0.37991294917576,Baixa Prioridade,ANTONIO TELMO NOIA,MARIA DE FATIMA FARIAS DE PAULA CARVALHO,MDB,15,4892,67.08,PEDRO PEREIRA DE SÁ JUNIOR,PT,2401.0,32.92,2491.0,34.16,False,0,,Não visitado,1858.534147367818,,
69,Dois Riachos,9906.0,9898,0.40517517338042,0.37591156607118,Baixa Prioridade,ROZINEIDE BARBOSA DE ARAÚJO CAMILO,JORGE VIEIRA DE MENEZES JUNIOR,MDB,15,4470,59.05,ROSIVAN RODRIGUES DA SILVA JUNIOR,PSB,3100.0,40.95,1370.0,18.099999999999994,False,0,,Não visitado,1680.3247003381746,,
70,Branquinha,9786.0,9547,0.39080696911122,0.36473584676894,Baixa Prioridade,RAIMUNDO JOSÉ DE FREITAS LOPES,RENATO ANTONIO LIMA DA PURIFICAÇÃO,MDB,15,6115,100.0,,,,,,,False,0,,Não visitado,2230.359702992068,,
71,Cacimbinhas,10701.0,8896,0.36415824837262,0.35460631164471,Baixa Prioridade,WLADIMIR ARAÚJO WANDERLEY,MIRABEAU AMORIM MADEIROS,MDB,15,6336,100.0,,,,,,,False,0,,Não visitado,2246.785590580883,,
72,Campo Grande,8293.0,9546,0.39076603405632,0.35079770359287,Baixa Prioridade,TEOGENES HIGINO MELO LESSA,JOSE ROSENDO DOS SANTOS,PSB,40,4335,57.75,EDINALDO LIMA DOS SANTOS,REPUBLICANOS,3058.0,40.74,1277.0,17.009999999999998,False,0,,Não visitado,1520.7080450750914,,
73,Japaratinga,9443.0,9070,0.37128094792487,0.34787208297486,Baixa Prioridade,JOSÉ SEVERINO DA SILVA,JAILTON DOS SANTOS,MDB,15,4957,64.14,MARIA HELENA CALAÇA CARVALHO,PSB,2771.0,35.86,2186.0,28.28,False,0,,Não visitado,1724.401915306381,,
74,Flexeiras,9767.0,8929,0.36550910518426,0.34685032910371,Baixa Prioridade,SILVANA MARIA CAVALCANTE DA COSTA PINTO,SHEILA CALHEIROS MAGALHAES SAMPAIO,PP,11,4867,72.59,BRUNO LOUREIRO FRAGOSO,MDB,1838.0,27.41,3029.0,45.18000000000001,False,0,,Não visitado,1688.1205517477565,,
75,Maravilha,9715.0,8914,0.36489507936079,0.3459360546246299,Baixa Prioridade,ANTÔNIO JORGE RODRIGUES,CARLOS LUIZ MARTINS MARQUES,REPUBLICANOS,10,3824,54.88,JAMIS LUIT SANTANA DOS SANTOS,PP,3144.0,45.12,680.0,9.760000000000003,False,0,,Não visitado,1322.8594728845846,,
76,Jequiá da Praia,9625.0,8624,0.35302391344037,0.33678775624498,Baixa Prioridade,CARLOS FELIPE CASTRO JATOBA LINS,LIDIA VIRGÍNIA MENDONÇA CURVELLO BELTRÃO,PP,11,5250,73.54,MARIA JOSE ALVES ANANIAS,PL,983.0,13.77,4267.0,59.77000000000001,False,0,,Não visitado,1768.1357202861448,,
77,Porto de Pedras,9508.0,8406,0.3441000714725999,0.32945103996158,Baixa Prioridade,ALLAN DE JESUS SILVA,EUDA SANTOS SILVA,MDB,15,3691,51.25,LUIZ CARLOS BORGHETTI ROCHA,PP,3497.0,48.56,194.0,2.6899999999999977,True,1,2026-05-22,Visitado,1216.0037884981916,,
78,São Miguel dos Milagres,8687.0,8283,0.33906505972015,0.31827771045455,Baixa Prioridade,JADSON LESSA DOS SANTOS,JARIO ANTONIO DOS SANTOS,MDB,15,4014,58.36,RUBENS FELISBERTO DE ATAIDE JUNIOR,PSB,2864.0,41.64,1150.0,16.72,False,0,,Não visitado,1277.5667297645637,,
79,Barra de São Miguel,8118.0,8167,0.33431659335198,0.30965271297553,Baixa Prioridade,BENEDITO DE LIRA,LUIZ HENRIQUE LIMA ALVES PINTO,PP,11,4563,68.12,FLORIANO DE ALBUQUERQUE MELO NETO,MDB,2135.0,31.88,2428.0,36.24000000000001,False,0,,Não visitado,1412.9453293073434,,
80,Olho d'Água do Casado,8522.0,7951,0.32547462149401,0.3072271862647699,Baixa Prioridade,CARLOS ALBERTO BEZERRA DA SILVA,JOÃO DE DEUS DIAS DOS SANTOS,PT,13,3267,53.46,MARCOS VIEIRA SOUSA,MDB,2403.0,39.32,864.0,14.14,False,0,,Não visitado,1003.7112175270033,,
81,Carneiros,9200.0,7662,0.31364439062849,0.30526259083192,Baixa Prioridade,UBIRATANIA MARIA SANTANA,JANAÍNE SOARES MACHADO,MDB,15,4002,67.29,GENIVALDO NOVAIS AGRA,REPUBLICANOS,1945.0,32.71,2057.0,34.580000000000005,False,0,,Não visitado,1221.6608885093437,,
82,São Brás,6557.0,7404,0.3030831464648,0.27324629160571,Baixa Prioridade,KLINGER QUIRINO SANTOS,MARIA FABIANA DA SILVA SANDES,MDB,15,4123,67.17,JOÃO BEZERRA BORGES,PP,1917.0,31.23,2206.0,35.94,False,0,,Não visitado,1126.5944602903423,,
83,Chã Preta,6010.0,7014,0.28711847505458,0.2569749129214499,Baixa Prioridade,MAURICIO DE VASCONCELOS HOLANDA,VICTOR SALVIO CANUTO TEIXEIRA,MDB,15,3892,69.38,MARYELLY CAVALCANTE DA SILVA,PSB,1718.0,30.62,2174.0,38.75999999999999,False,0,,Não visitado,1000.1463610902831,,
84,Paulo Jacinto,6697.0,6749,0.27627068550661,0.25578187463442,Baixa Prioridade,FRANCISCO MANOEL FERREIRA FONTAN,MARIA ZILDA DE ASSUNÇÃO TENÓRIO,PP,11,3233,59.8,FABRICIO BERTO FAUSTINO,PSB,2173.0,40.2,1060.0,19.599999999999994,False,0,,Não visitado,826.9428006930798,,
85,Monteirópolis,7341.0,6489,0.2656275712331299,0.25433150086042,Baixa Prioridade,LEONOR MELO MONTEIRO,FABIO MARCELO MONTEIRO JÚNIOR,MDB,15,2863,57.92,LIDIA DIELLY SILVA SANTOS,PODE,2080.0,42.08,783.0,15.840000000000003,False,0,,Não visitado,728.1510869633825,,
86,Santa Luzia do Norte,7065.0,6506,0.2663234671664,0.25224728249195,Baixa Prioridade,FRANCIS CORREIA BARROS DE ARAÚJO,LAUDEMIR BALBINO DOS SANTOS,PP,11,3300,60.07,WERDLEY THIAGO SILVA AMARAL,MDB,2138.0,38.92,1162.0,21.15,False,0,,Não visitado,832.416032223435,,
87,Campestre,6807.0,6291,0.25752243036333,0.2436829076551099,Baixa Prioridade,NELSON MENDES DA SILVA NETO,JOSIAS ANTONIO DA SILVA,MDB,15,3449,68.87,DEBSON BRASILIANO DA SILVA,PP,1559.0,31.13,1890.0,37.74000000000001,False,0,,Não visitado,840.462348502474,,
88,Belo Monte,5898.0,6271,0.25670372926537,0.23464114630944,Baixa Prioridade,DALMO AUGUSTO DE ALMEIDA JÚNIOR,ANTONIO JEREMIAS FEITOSA,MDB,15,3882,79.79,MARIANA LIMA SILVA,REPUBLICANOS,983.0,20.21,2899.0,59.580000000000005,False,0,,Não visitado,910.8769299732461,,
89,Roteiro,6607.0,6014,0.24618342015658,0.23388230665404,Baixa Prioridade,PAULO JOSÉ LEITE TEIXEIRA,JOSIVALDO AUGUSTO DA SILVA,MDB,15,2537,52.41,THIAGO HENRIQUE TEIXEIRA CURSINO,PL,2238.0,46.23,299.0,6.18,False,0,,Não visitado,593.3594119812994,,
90,Jacuípe,5432.0,6216,0.25445230124598,0.22872367201058,Baixa Prioridade,MAYARA CRISTINA CAVALCANTE DE FREITAS,JOSE SEVERINO DA SILVA,MDB,15,3718,73.58,MARCOS VINICIUS DA SILVA FERREIRA,PP,1335.0,26.42,2383.0,47.16,False,0,,Não visitado,850.3946125353365,,
91,Tanque d'Arca,5909.0,5959,0.24393199213719,0.22580341148182,Baixa Prioridade,JUVENIL LOPES DE OLIVEIRA,JEAN CEGALAN SANTOS DE LIMA,MDB,15,2326,50.71,ADRIANA WANDERLEY DOS SANTOS,REPUBLICANOS,2261.0,49.29,65.0,1.4200000000000017,False,0,,Não visitado,525.2187351067133,,
92,Coqueiro Seco,5700.0,5582,0.22849947644064,0.21305350841435,Baixa Prioridade,JADIELSON SILVA DO NASCIMENTO,JOEL BONFIM,MDB,15,2295,48.83,RONALDO ALEXANDRE SILVA DOS SANTOS,PDT,2150.0,45.74,145.0,3.0899999999999963,False,0,,Não visitado,488.95780181093323,,
93,Jacaré dos Homens,5182.0,5451,0.223136984249,0.20447383279227,Baixa Prioridade,MARIA DO SOCORRO MELO DA SILVA,FRANKLIN DANTAS CORREIA CAJÉ,MDB,15,2574,56.95,JOSE ERNESTO SILVA JUNIOR,PP,1946.0,43.05,628.0,13.900000000000006,False,0,,Não visitado,526.3156456073029,,
94,Minador do Negrão,4938.0,5300,0.21695579095941,0.1978737789848,Baixa Prioridade,JOSIAS SOARES DA SILVA,HELDER ARAUJO SOUZA BARROS,MDB,15,2702,63.56,JOSE EMILIO TENORIO BARROS,PSB,1549.0,36.44,1153.0,27.120000000000005,False,0,,Não visitado,534.6549508169296,,
95,Jaramataia,5075.0,5247,0.21478623304981,0.19763144473968,Baixa Prioridade,RICARDO MARTINS BARBOSA,JOSÉ ELIOMAR BARBOSA,MDB,15,3527,100.0,,,,,,,False,0,,Não visitado,697.0461055968514,,
96,Olho d'Água Grande,4384.0,5413,0.22158145216288,0.19595041784515,Baixa Prioridade,MARIA SUZANICE HIGINO BAHÉ,WILLAMARA SOUSA DA SILVA,PP,11,2813,63.27,TEREZA DE FATIMA BARBOSA CEDRIM,REPUBLICANOS,1633.0,36.73,1180.0,26.540000000000006,False,0,,Não visitado,551.2085253984069,,
97,Belém,4820.0,5142,0.21048805228552,0.19224701853784,Baixa Prioridade,ADALBERTO ANTERO TORRES,JOSÉ ADRIANO DA SILVA,PP,11,2568,68.55,LUIZ HENRIQUE DAMASCENO SURUAGY,PSB,1178.0,31.45,1390.0,37.1,True,1,2026-06-07,Visitado,493.6903436051731,,
98,Palestina,4410.0,5118,0.20950561096797,0.18773955721004,Baixa Prioridade,JOSÉ DJALMA GONÇALVES DA SILVA,ONOFRE COSTA DA SILVA,MDB,15,3292,83.17,DINO CÉSAR DO NASCIMENTO,PP,666.0,16.83,2626.0,66.34,False,0,,Não visitado,618.0386223354517,,
99,Jundiá,4176.0,4943,0.20234197636082,0.18054495917311,Baixa Prioridade,JORGE SILVIO LUENGO GALVÃO,LIELSON ELIAS BOMFIM,MDB,15,2927,73.51,BEROALDO RUFINO DA SILVA,PL,1055.0,26.49,1872.0,47.02000000000001,True,1,2026-05-08,Visitado,528.455095499693,,
100,Feliz Deserto,4038.0,4136,0.16930738705813,0.15613507390035,Baixa Prioridade,JORGE LUIS SILVA NUNES,JOAO PAULO DOS SANTOS SOUZA,PP,11,1918,56.23,DOUGLAS CASTRO SIMÕES LESSA,REPUBLICANOS,1395.0,40.9,523.0,15.329999999999998,False,0,,Não visitado,299.4670717408713,,
101,Mar Vermelho,3212.0,3643,0.14912640499342,0.13431298282833,Baixa Prioridade,ANDRÉ BRANDÃO DE ALMEIDA,HERMANN ELSON DE ALMEIDA FILHO,MDB,15,2540,100.0,,,,,,,False,0,,Não visitado,341.1549763839582,,
102,Pindoba,2786.0,2989,0.12235487909012,0.11160409878201,Baixa Prioridade,JOSÉ CICERO CARDOSO COSTA,JOÃO MARÇAL LOPES BELTRÃO,REPUBLICANOS,10,1785,69.13,JOSÉ MAURICIO TENÓRIO CAVALCANTE,PP,797.0,30.87,988.0,38.25999999999999,False,0,,Não visitado,199.21331632588783,,
